id,nombre,edad,ocupacion
1,Dawna,28,Sales Associate
2,Joanne,24,Safety Technician IV
3,Derry,57,Information Systems Manager
4,Giorgio,58,VP Marketing
5,Joellyn,26,Graphic Designer
6,Leonore,42,Developer II
7,Brad,32,Engineer III
8,Bar,36,Data Coordiator
9,Tobin,38,Project Manager
10,Kennith,23,Librarian
11,Marina,46,Quality Engineer
12,Marcella,31,Software Test Engineer II
13,Timothea,64,Human Resources Manager
14,Val,35,Help Desk Operator
15,Abraham,24,Data Coordiator
16,Suzi,31,Office Assistant I
17,Boote,58,Food Chemist
18,Starlin,28,Biostatistician I
19,Marlon,24,Payment Adjustment Coordinator
20,Ira,56,Health Coach IV
21,Igor,64,Design Engineer
22,Coop,22,Sales Representative
23,Inge,22,Health Coach III
24,Marten,55,VP Quality Control
25,Ebeneser,47,Sales Associate
26,Clerc,33,Financial Advisor
27,Obadiah,25,Assistant Professor
28,Oates,23,Registered Nurse
29,Elston,39,Project Manager
30,Taddeusz,60,Software Engineer III
31,Renell,33,Civil Engineer
32,Courtnay,57,Automation Specialist II
33,Faustina,61,Clinical Specialist
34,Eduino,24,Research Assistant III
35,Etta,63,Executive Secretary
36,Corina,42,Marketing Manager
37,Gerri,60,Internal Auditor
38,Anselm,48,Senior Developer
39,Beulah,34,Financial Analyst
40,Marlie,59,Paralegal
41,Monty,40,Software Test Engineer IV
42,Jakob,33,Research Assistant IV
43,Norby,30,Help Desk Technician
44,Starla,26,Design Engineer
45,Cynthy,25,Nuclear Power Engineer
46,Sim,47,Design Engineer
47,Claudetta,32,Product Engineer
48,Howey,30,Information Systems Manager
49,Elvina,39,Physical Therapy Assistant
50,Alva,24,Payment Adjustment Coordinator
51,Kirk,56,Senior Editor
52,Shelly,35,Nuclear Power Engineer
53,Corilla,63,Staff Accountant IV
54,Paulie,27,Automation Specialist II
55,Brande,23,Pharmacist
56,Neale,56,Graphic Designer
57,Jemima,42,General Manager
58,Britta,47,Developer II
59,Cece,60,Sales Associate
60,Leonid,31,Professor
61,Grover,61,Dental Hygienist
62,Glynis,47,Pharmacist
63,Marieann,41,Senior Cost Accountant
64,Jennica,34,Speech Pathologist
65,Mareah,50,Chief Design Engineer
66,Irv,22,Registered Nurse
67,Elmer,40,Financial Advisor
68,Raquel,33,Clinical Specialist
69,Domenic,51,Structural Analysis Engineer
70,Karyn,42,Quality Control Specialist
71,Rania,26,Safety Technician III
72,Prisca,32,Programmer III
73,Cristen,21,General Manager
74,Roselin,48,Help Desk Operator
75,Amanda,43,Internal Auditor
76,Inez,30,Senior Sales Associate
77,Sherri,62,Safety Technician III
78,Reagan,37,Web Developer IV
79,Boniface,38,Geologist III
80,Lelah,53,Account Coordinator
81,Drew,31,Associate Professor
82,Lonnie,33,Software Test Engineer III
83,Clari,32,Web Developer IV
84,Hermina,40,Graphic Designer
85,Karlens,38,Registered Nurse
86,Dougie,52,Senior Cost Accountant
87,Sybila,30,Geologist III
88,Ervin,52,Senior Editor
89,Karoly,45,Recruiting Manager
90,Hervey,61,Research Assistant IV
91,Bernita,31,Assistant Professor
92,Joshia,46,Structural Engineer
93,Janos,49,Librarian
94,King,45,Developer II
95,Rozina,59,VP Marketing
96,Cordie,42,Financial Analyst
97,Dud,27,Accountant I
98,Ammamaria,61,Environmental Specialist
99,Hedy,57,Accounting Assistant III
100,Quentin,33,Compensation Analyst
