Id,Nombre,Edad,Ocupacion
1,Miriam,55,Staff Accountant III
2,Evan,30,GIS Technical Architect
3,Gauthier,44,Senior Editor
4,Meggi,37,Legal Assistant
5,Judd,45,Senior Cost Accountant
6,Roderigo,46,VP Product Management
7,Craggy,61,Administrative Officer
8,Salvatore,33,Chief Design Engineer
9,Alfreda,30,Human Resources Assistant III
10,Deborah,25,VP Quality Control
11,Pansie,37,Teacher
12,Jamie,24,Editor
13,Emili,63,Chief Design Engineer
14,Cathlene,54,Senior Sales Associate
15,Case,37,Data Coordiator
16,Timothea,60,Software Test Engineer I
17,Murielle,64,Assistant Manager
18,Dionne,23,Budget/Accounting Analyst IV
19,Erick,42,Quality Engineer
20,Murdock,64,Structural Engineer
21,Dionisio,47,Health Coach II
22,Web,39,Professor
23,Lilli,20,Help Desk Operator
24,Kerrill,40,Safety Technician I
25,Leonelle,32,Programmer II
26,Felipe,48,Assistant Media Planner
27,Hanni,42,Dental Hygienist
28,Russ,48,Senior Cost Accountant
29,Brook,46,Tax Accountant
30,Herb,60,Web Designer IV
31,Forester,34,Automation Specialist III
32,Aubrey,58,Internal Auditor
33,Caressa,40,Analyst Programmer
34,Essy,46,Sales Associate
35,Leonidas,23,Recruiter
36,Marie-ann,64,Occupational Therapist
37,Marigold,21,Chemical Engineer
38,Lyndsie,47,Human Resources Assistant III
39,Melany,36,Programmer Analyst I
40,Paolina,27,Software Engineer IV
41,Charissa,54,Automation Specialist III
42,Eula,56,Clinical Specialist
43,Cloris,62,Accounting Assistant I
44,Dione,43,VP Accounting
45,Krispin,37,Help Desk Operator
46,Saundra,30,Internal Auditor
47,Wayne,37,Operator
48,Devlin,60,Chemical Engineer
49,Allyson,25,Programmer Analyst II
50,Mirelle,19,Systems Administrator III
